,college,program_name,course_title,program_category,course_description,city,state,zip_code,country,residential,application,transcript,letter_of_recommendation,counselor_report,test_scores,toefl_or_english_exam,app_fee,app_date,enrollment_fee,fees,credit_offerred,tuition,start_date,end_date,eligibility_requirements,grades,link
0,Northwestern University,Center for Talent Development,Algebra I Honors,Mathematics,"This is a 2 credit equivalent, flexibly paced, asynchronous Honors course within the Online Honors Program. Students can expect 8-10 hours of coursework per week and have 30-34 weeks to complete the course depending on start date.This honors-level, inquiry-based course covers topics which include understanding expressions, equations, and functions, solving inequalities and graphing equations and functions, including quadratics and exponentials. The course emphasizes problem-solving over computation.
This course will prepare students for Geometry Honors and Algebra II/Trigonometry Honors courses.",Remote,Remote,,United States,No,Yes,Yes,Yes,No,No,Yes,0,09/01/2023,0,,Yes,$1285,09/06/2023,05/06/2024,"
95th percentile or above on a nationally normed, standardized grade-level achievement test, or
Participation in above-grade-level testing through CTD Assessment (formerly NUMATS) or similar program, or
Successful completion, within the past two years, of a previous CTD course at the same or higher admission tier and in the qualifying subject area, or 
Admission portfolio (report card or transcript, teacher recommendation, and test scores, if available).  
",9-12,"https://www.ctd.northwestern.edu/courses?grade_level=471,472,473,474&sort=alpha#1119"
1,Northwestern University,Center for Talent Development,Algebra II/Trigonometry Honors,Mathematics,"This is a 2 credit equivalent, flexibly paced, asynchronous Honors course within the Online Honors Program. Students can expect 6-8 hours of coursework per week and have 30-34 weeks to complete the course depending on start date.This advanced algebra course focuses on inequalities, polynomial equations, rational expressions, complex numbers, exponents, logarithms, statistics, probability, matrices and an introduction to basic trigonometry.",Remote,Remote,,United States,No,Yes,Yes,Yes,No,No,Yes,0,09/01/2023,0,,Yes,$1285,09/06/2023,05/06/2024,"
95th percentile or above on a nationally normed, standardized grade-level achievement test, or
Participation in above-grade-level testing through CTD Assessment (formerly NUMATS) or similar program, or
Successful completion, within the past two years, of a previous CTD course at the same or higher admission tier and in the qualifying subject area, or 
Admission portfolio (report card or transcript, teacher recommendation, and test scores, if available).  
",9-12,"https://www.ctd.northwestern.edu/courses?grade_level=471,472,473,474&sort=alpha#1120"
2,Northwestern University,Center for Talent Development,AP® Calculus BC,Mathematics,"This is a 2 credit equivalent, flexibly paced, asynchronous Advanced Placement course within the Online Advanced Placement (AP®) Program. Students can expect 6-8 hours of coursework per week and have 30-34 weeks to complete the course depending on start date.Modern calculus is the branch of mathematics dealing with limits and the differentiation and integration of functions of one or more variables. AP® Calculus BC includes AB topics such as limits, derivatives, antiderivatives and applications, followed by advanced applications of integration techniques, infinite series, conics, parametric equations, polar coordinates and the calculus of vector-valued functions. This college-level course prepares students for the AP® Calculus BC exam.",Remote,Remote,,United States,No,Yes,Yes,Yes,No,No,Yes,0,09/01/2023,0,,Yes,$1300,09/06/2023,05/06/2024,"
95th percentile or above on a nationally normed, standardized grade-level achievement test, or
Participation in above-grade-level testing through CTD Assessment (formerly NUMATS) or similar program, or
Successful completion, within the past two years, of a previous CTD course at the same or higher admission tier and in the qualifying subject area, or 
Admission portfolio (report card or transcript, teacher recommendation, and test scores, if available).  
",9-12,"https://www.ctd.northwestern.edu/courses?grade_level=471,472,473,474&sort=alpha#1111"
3,Northwestern University,Center for Talent Development,AP® Computer Science A,Technology & Engineering,"This is an online, 2 credit equivalent, flexibly paced Advanced Placement course. Students can expect 6-8 hours of coursework per week and have 30-34 weeks to complete the course depending on start date.This course will prepare students to take the AP® Computer Science A exam. Students will get hands-on experience mastering this introductory college-level course on Java programming. Topics include object-oriented program design, the development and selection of algorithms and data structures to solve problems, and the AP® Java subset, including the standard Java library classes. Learn to apply proper algorithms that utilize Java and to use readable and efficient code to satisfy problem descriptions. Students need a Java compiler for this course. Information on free compilers available online is included in the course syllabus.",Remote,Remote,,United States,No,Yes,Yes,Yes,No,No,Yes,0,09/01/2023,0,,Yes,$1300,09/06/2023,05/06/2024,"
95th percentile or above on a nationally normed, standardized grade-level achievement test, or
Participation in above-grade-level testing through CTD Assessment (formerly NUMATS) or similar program, or
Successful completion, within the past two years, of a previous CTD course at the same or higher admission tier and in the qualifying subject area, or 
Admission portfolio (report card or transcript, teacher recommendation, and test scores, if available).  
",9-12,"https://www.ctd.northwestern.edu/courses?grade_level=471,472,473,474&sort=alpha#1113"
4,Northwestern University,Center for Talent Development,AP® Economics: Macroeconomics,Arts & Humanities,"This is a 1 credit equivalent, flexibly paced, asynchronous Advanced Placement course within the Online Advanced Placement (AP®) Program. Students can expect 8-10 hours of coursework per week and have 13-15 weeks to complete the course depending on start date.This course prepares students for the AP® Economics: Macroeconomics exam. This course addresses the central topics of AP® Macroeconomics including the role of government in the economy, measuring the national economy, fiscal and monetary policy, and international trade. Topics covered in this one semester course include national income accounting, the national income, output, and price level determination. This class explores fiscal actions used by the government to regulate the economy and how the banking system and monetary policy affect the economy. Students will examine the role of international economics in the American economic system.",Remote,Remote,,United States,No,Yes,Yes,Yes,No,No,Yes,0,09/01/2023,0,,Yes,$795,09/06/2023,01/11/2024,"
95th percentile or above on a nationally normed, standardized grade-level achievement test, or
Participation in above-grade-level testing through CTD Assessment (formerly NUMATS) or similar program, or
Successful completion, within the past two years, of a previous CTD course at the same or higher admission tier and in the qualifying subject area, or 
Admission portfolio (report card or transcript, teacher recommendation, and test scores, if available).  
",9-12,"https://www.ctd.northwestern.edu/courses?grade_level=471,472,473,474&sort=alpha#1103"
5,Northwestern University,Center for Talent Development,AP® Economics: Microeconomics,Arts & Humanities,"This is a 1 credit equivalent, flexibly paced, asynchronous Advanced Placement course within the Online Advanced Placement (AP®) Program. Students can expect 6-8 hours of coursework per week and have 14-18 weeks to complete the course depending on start date.This course prepares students for the AP® Economics: Microeconomics exam. This course addresses the central topics of AP® Microeconomics including supply and demand, the theory of the firm, perfect and imperfect competition, and the role of the factors of production in free and mixed economies. Topics covered in this one credit course include basic economic concepts and the theory of the firm and various forms of imperfect competition. This class investigates the nature of the factor market and the role of government in the American economy.",Remote,Remote,,United States,No,Yes,Yes,Yes,No,No,Yes,0,09/01/2023,0,,Yes,$795,09/06/2023,01/11/2024,"
95th percentile or above on a nationally normed, standardized grade-level achievement test, or
Participation in above-grade-level testing through CTD Assessment (formerly NUMATS) or similar program, or
Successful completion, within the past two years, of a previous CTD course at the same or higher admission tier and in the qualifying subject area, or 
Admission portfolio (report card or transcript, teacher recommendation, and test scores, if available).  
",9-12,"https://www.ctd.northwestern.edu/courses?grade_level=471,472,473,474&sort=alpha#1102"
6,Northwestern University,Center for Talent Development,AP® English Language & Composition,English & Language Arts,"This is a 2 credit equivalent, flexibly paced, asynchronous Advanced Placement course within the Online Advanced Placement (AP®) Program. Students can expect 6-8 hours of coursework per week and have 30-34 weeks to complete the course depending on start date.This course prepares students to take the AP® English Language & Composition exam by focusing on the skills that are necessary to understand, evaluate, and critique analytical arguments. Students will read a wide array of fiction and non-fiction to strengthen critical literacy skills and higher-order thinking. Expository, analytical, and argumentative writing skills that form the basis of effective communication are emphasized.",Remote,Remote,,United States,No,Yes,Yes,Yes,No,No,Yes,0,09/01/2023,0,,Yes,$1300,09/06/2023,05/06/2024,"
95th percentile or above on a nationally normed, standardized grade-level achievement test, or
Participation in above-grade-level testing through CTD Assessment (formerly NUMATS) or similar program, or
Successful completion, within the past two years, of a previous CTD course at the same or higher admission tier and in the qualifying subject area, or 
Admission portfolio (report card or transcript, teacher recommendation, and test scores, if available).  
",9-12,"https://www.ctd.northwestern.edu/courses?grade_level=471,472,473,474&sort=alpha#1109"
7,Northwestern University,Center for Talent Development,AP® European History,Arts & Humanities,"This is a 2 credit equivalent, flexibly paced, asynchronous Advanced Placement course within the Online Advanced Placement (AP®) Program. Students can expect 6-8 hours of coursework per week and have 30-34 weeks to complete the course depending on start date.Students will use primary sources and works of art and literature to develop and sharpen the skills necessary for effectively analyzing, interpreting, and evaluating historical materials from the western hemisphere. This course examines the origins and evolution of the values that shape the present world politically, socially, intellectually, and culturally from 1450 to the present day. Topics covered include the foundations of European institutions, the Renaissance and Reformation, and the Conflicts and Transformation of the Cold War. This course will prepare students to take the AP® European History exam.",Remote,Remote,,United States,No,Yes,Yes,Yes,No,No,Yes,0,09/01/2023,0,,Yes,$1300,09/06/2023,05/06/2024,"
95th percentile or above on a nationally normed, standardized grade-level achievement test, or
Participation in above-grade-level testing through CTD Assessment (formerly NUMATS) or similar program, or
Successful completion, within the past two years, of a previous CTD course at the same or higher admission tier and in the qualifying subject area, or 
Admission portfolio (report card or transcript, teacher recommendation, and test scores, if available).  
",9-12,"https://www.ctd.northwestern.edu/courses?grade_level=471,472,473,474&sort=alpha#1115"
8,Northwestern University,Center for Talent Development,AP® Government & Politics: Comparative,Arts & Humanities,"This is a 1 credit equivalent, flexibly paced, asynchronous Advanced Placement course within the Online Advanced Placement (AP®) Program. Students can expect 6-8 hours of coursework per week and have 14-18 weeks to complete the course depending on start date.This course prepares students for the AP® Government: Comparative exam. Students will explore comparative politics by studying patterns of behavior and consequences in the political frameworks of other nations. This course aims to illustrate the rich diversity of political life, show available institutional alternatives, explain differences in processes and policy outcomes, and communicate the importance of global political and economic changes. Countries included in our analysis are China, Great Britain, Mexico, Nigeria, Russia, and Iran. ",Remote,Remote,,United States,No,Yes,Yes,Yes,No,No,Yes,0,09/01/2023,0,,Yes,$795,09/06/2023,01/11/2024,"
95th percentile or above on a nationally normed, standardized grade-level achievement test, or
Participation in above-grade-level testing through CTD Assessment (formerly NUMATS) or similar program, or
Successful completion, within the past two years, of a previous CTD course at the same or higher admission tier and in the qualifying subject area, or 
Admission portfolio (report card or transcript, teacher recommendation, and test scores, if available).  
",9-12,"https://www.ctd.northwestern.edu/courses?grade_level=471,472,473,474&sort=alpha#1101"
9,Northwestern University,Center for Talent Development,AP® Human Geography,Arts & Humanities,"This is a 2 credit equivalent, flexibly paced, asynchronous Advanced Placement course within the Online Advanced Placement (AP®) Program. Students can expect 6-8 hours of coursework per week and have 30-34 weeks to complete the course depending on start date.Geography generally focuses on the question of “Where?” Human geography tries to answer the question, “Why there?”",Remote,Remote,,United States,No,Yes,Yes,Yes,No,No,Yes,0,09/01/2023,0,,Yes,$1300,09/06/2023,05/06/2024,"
95th percentile or above on a nationally normed, standardized grade-level achievement test, or
Participation in above-grade-level testing through CTD Assessment (formerly NUMATS) or similar program, or
Successful completion, within the past two years, of a previous CTD course at the same or higher admission tier and in the qualifying subject area, or 
Admission portfolio (report card or transcript, teacher recommendation, and test scores, if available).  
",9-12,"https://www.ctd.northwestern.edu/courses?grade_level=471,472,473,474&sort=alpha#1114"
10,Northwestern University,Center for Talent Development,AP® Physics C: Mechanics,Science,"This is an online, 1 credit equivalent, flexibly paced Advanced Placement course. Students can expect 5-8 hours of independent coursework per week.This course prepares students for the AP® Physics C: Mechanics exam. This one credit course provides a detailed study of classical mechanics including Newton’s Laws of motion, energy, linear and angular momentum, motion, and rotation, solving a variety of challenging problems, and is designed for students with prior Physics experience and an interest in majoring in a technical science in college.",Remote,Remote,,United States,No,Yes,Yes,Yes,No,No,Yes,0,09/01/2023,0,,Yes,$795,09/06/2023,01/11/2024,"
95th percentile or above on a nationally normed, standardized grade-level achievement test, or
Participation in above-grade-level testing through CTD Assessment (formerly NUMATS) or similar program, or
Successful completion, within the past two years, of a previous CTD course at the same or higher admission tier and in the qualifying subject area, or 
Admission portfolio (report card or transcript, teacher recommendation, and test scores, if available).  
",9-12,"https://www.ctd.northwestern.edu/courses?grade_level=471,472,473,474&sort=alpha#1140"
11,Northwestern University,Center for Talent Development,AP® Physics I: Algebra Based,Science,"This is a 2 credit equivalent, flexibly paced, asynchronous Advanced Placement course within the Online Advanced Placement (AP®) Program. Students can expect 6-8 hours of coursework per week and have 30-34 weeks to complete the course depending on start date.This college-level algebra-based physics course explores topics in dynamics, motion, and simple circuits through complex problem-solving, lab investigations and learning projects and using the visualization of physical principles and practical applications. This course prepares students to take the AP® Physics I: Algebra-Based exam and is best-suited for students interested in advanced Physics courses without experience with Calculus.",Remote,Remote,,United States,No,Yes,Yes,Yes,No,No,Yes,0,09/01/2023,0,,Yes,$1300,09/06/2023,05/06/2024,"
95th percentile or above on a nationally normed, standardized grade-level achievement test, or
Participation in above-grade-level testing through CTD Assessment (formerly NUMATS) or similar program, or
Successful completion, within the past two years, of a previous CTD course at the same or higher admission tier and in the qualifying subject area, or 
Admission portfolio (report card or transcript, teacher recommendation, and test scores, if available).  
",9-12,"https://www.ctd.northwestern.edu/courses?grade_level=471,472,473,474&sort=alpha#1112"
12,Northwestern University,Center for Talent Development,AP® Statistics ,Mathematics,"This is a three-week, 2-credit course within the CTD Academic Summer Camp for Grades 9-12, meeting in-person Monday-Friday from 9am – 3 pm CDT. Collecting, analyzing, and drawing conclusions from data are skills required in virtually every discipline. Explore theories of probability, descriptions of statistical measurements, probability distributions, and experimental and statistical inference. Develop research proposals, collect and analyze data, and complete a comprehensive statistical project. AP® Statistics is a full-year course taught in an accelerated format designed to prepare students for the AP® Statistics exam. It lays the foundation for advanced studies in data analytics, engineering, and the actuarial sciences.  
OFFERED: July 16 – August 4, 2023  ",Evanston,IL,,United States,No,Yes,Yes,Yes,No,No,Yes,0,07/11/2023,0,$2120,Yes,$2660,07/16/2023,08/04/2023,"
Requisite scores on above-grade-level test through CTD Assessment (formerly NUMATS) or similar program:

	
PSAT 8/9®, SCAT, or I-Excel test taken in grade 5 or 6 (if applying as a 7th or 8th grade student)
ACT® or SAT® test taken in grade 6, 7, 8 or 9, or


Requisite scores on ACT®, SAT®, PreACT®, or PSAT/NMSQT® test taken in grade 10 or 11, or
Successful completion, within the past two years, of a previous CTD Indigo Tier course with the same qualifying subject area criteria, or
Admission portfolio (report card or transcript, teacher recommendation, and test scores, if available).
",9-12,"https://www.ctd.northwestern.edu/courses?grade_level=471,472,473,474&sort=alpha#1088"
13,Northwestern University,Center for Talent Development,AP® U.S. History,Arts & Humanities,"This is a 2 credit equivalent, flexibly paced, asynchronous Advanced Placement course within the Online Advanced Placement (AP®) Program. Students can expect 6-8 hours of coursework per week and have 30-34 weeks to complete the course depending on start date.This is a college-level introductory course that examines the nation’s political, diplomatic, intellectual, cultural, social, and economic history from 1491 to the present. Emphasis is on interpreting documents, mastering a significant body of historical data, developing historical thinking skills, and writing critical essays. A variety of instructional approaches are employed, and a college-level textbook is supplemented by primary and secondary sources.  Key themes covered in this course include American and National Identity, Politics and Power, Work, Exchange, and Technology, Culture and Society, Migration and Settlement, Geography and the Environment, and America in the World. This course will prepare students to take the AP® US History exam.",Remote,Remote,,United States,No,Yes,Yes,Yes,No,No,Yes,0,09/01/2023,0,,Yes,$1300,09/06/2023,05/06/2024,"
95th percentile or above on a nationally normed, standardized grade-level achievement test, or
Participation in above-grade-level testing through CTD Assessment (formerly NUMATS) or similar program, or
Successful completion, within the past two years, of a previous CTD course at the same or higher admission tier and in the qualifying subject area, or 
Admission portfolio (report card or transcript, teacher recommendation, and test scores, if available).  
",9-12,"https://www.ctd.northwestern.edu/courses?grade_level=471,472,473,474&sort=alpha#1110"
14,Northwestern University,Center for Talent Development,Biology Honors,Science,"This is a three-week, 2-credit course within the CTD Academic Summer Camp for Grades 9-12, meeting in-person Monday-Friday from 9am – 3 pm CDT. Biology comes alive in this fast-paced high school honors course, emphasizing the principles that apply to plants and animals through class discussion, text readings, demonstrations, and applying methods of scientific investigation in the lab. Biology Honors is a full-year course in an accelerated format designed for students who intend to accelerate in science and prepares students for AP® Biology.  ",Evanston,IL,,United States,No,Yes,Yes,Yes,No,No,Yes,0,07/11/2023,0,$2120 $175,Yes,$2660,07/16/2023,08/04/2023,"
Requisite scores on above-grade-level test through CTD Assessment (formerly NUMATS) or similar program:

	
PSAT 8/9®, SCAT, or I-Excel test taken in grade 5 or 6 (if applying as a 7th or 8th grade student)
ACT® or SAT® test taken in grade 6, 7, 8 or 9, or


Requisite scores on ACT®, SAT®, PreACT®, or PSAT/NMSQT® test taken in grade 10 or 11, or
Successful completion, within the past two years, of a previous CTD Indigo Tier course with the same qualifying subject area criteria, or
Admission portfolio (report card or transcript, teacher recommendation, and test scores, if available).
",9-12,"https://www.ctd.northwestern.edu/courses?grade_level=471,472,473,474&sort=alpha#1076"
15,Northwestern University,Center for Talent Development,Biology Honors,Science,"This is a 2 credit equivalent, flexibly paced, asynchronous Honors course within the Online Honors Program. Students can expect 6-8 hours of coursework per week and have 30-34 weeks to complete the course depending on start date.Biology Honors is an introductory course covering topics equivalent to a full year of high school Biology at the Honors level. This class introduces students to the fundamental concepts upon which modern biology is built. Student biologists learn about the nature of scientific inquiry, the limitations of science and the scientific method, the diversity and interrelations among organisms and environmental issues while exploring energy, matter, cells, and heredity.  Readings, problems and laboratory exercises facilitate this challenging course.  Among other things, students learn to identify major structures of plants and animals and how they work together to maintain life. ",Remote,Remote,,United States,No,Yes,Yes,Yes,No,No,Yes,0,09/01/2023,0,$25,Yes,$1285,09/06/2023,05/06/2024,"
95th percentile or above on a nationally normed, standardized grade-level achievement test, or
Participation in above-grade-level testing through CTD Assessment (formerly NUMATS) or similar program, or
Successful completion, within the past two years, of a previous CTD course at the same or higher admission tier and in the qualifying subject area, or 
Admission portfolio (report card or transcript, teacher recommendation, and test scores, if available).  
",9-12,"https://www.ctd.northwestern.edu/courses?grade_level=471,472,473,474&sort=alpha#1123"
16,Northwestern University,Center for Talent Development,Chemistry Honors,Science,"This is a 2 credit equivalent, flexibly paced, asynchronous Honors course within the Online Honors Program. Students can expect 6-8 hours of coursework per week and have 30-34 weeks to complete the course depending on start date.Chemistry Honors is an introductory course covering topics equivalent to a full year of high school chemistry at the honors level. The content within Chemistry Honors is organized into five units: Introductory Concepts in Chemistry, Chemical Compositions and Reactions, Energy and Bonding, States of Matter, Reactions and Electrochemistry, and Advanced Chemistry Applications.  Using hands-on and virtual laboratory experiences, study key topics, analyze data, draw conclusions and report results. Scientific method, chemical foundations, compositions and reactions, modern atomic theory and electrochemistry are among the topics covered.",Remote,Remote,,United States,No,Yes,Yes,Yes,No,No,Yes,0,09/01/2023,0,$25,Yes,$1285,09/06/2023,05/06/2024,"
95th percentile or above on a nationally normed, standardized grade-level achievement test, or
Participation in above-grade-level testing through CTD Assessment (formerly NUMATS) or similar program, or
Successful completion, within the past two years, of a previous CTD course at the same or higher admission tier and in the qualifying subject area, or 
Admission portfolio (report card or transcript, teacher recommendation, and test scores, if available).  
",9-12,"https://www.ctd.northwestern.edu/courses?grade_level=471,472,473,474&sort=alpha#1124"
17,Northwestern University,Center for Talent Development,Civic Leadership Institute,Leadership & Service,"This is a 3-week service-learning course with residential and commuter options through CTD's 9-12 Academic Summer Camp.CLI students explore the complex challenges that affect our communities and develop the knowledge, experience, and leadership skills they need to make a positive impact on the world through academic study and service-learning experiences. ",Evanston,IL,,United States,No,Yes,Yes,Yes,No,No,Yes,0,06/20/2023,0,$2120,No,$2775,06/25/2023,07/14/2023,"
90th percentile or above on a nationally normed, standardized grade-level achievement test, or 
Participation in above-grade-level testing through CTD Assessment (formerly NUMATS) or similar program, or
Successful completion, within the past two years, of a previous CTD course at the same or higher admission tier and in the qualifying subject area, or
Admission portfolio (report card or transcript, teacher recommendation, and test scores, if available). Please note: Admission portfolio option is not available for all age levels in all programs.
",9-12,"https://www.ctd.northwestern.edu/courses?grade_level=471,472,473,474&sort=alpha#1089"
18,Northwestern University,Center for Talent Development,College Writing,English & Language Arts,"This is a three-week, 1-credit course within the CTD Academic Summer Camp for Grades 9-12, meeting in-person Monday-Friday from 9am – 3 pm CDT. Get ahead and practice a wide-range of skills required for college-level writing including grammar, paragraph structure, organization, rhetoric, and argumentation. This course prepares students to compose narrative, descriptive, and expository prose while focusing on the conventions of the writing process. Peer workshops and conferencing assist students as they hone new skills and compose a portfolio.  ",Evanston,IL,,United States,No,Yes,Yes,Yes,No,No,Yes,0,07/11/2023,0,$2120,Yes,$2660,07/16/2023,08/04/2023,"
Requisite scores on above-grade-level test through CTD Assessment (formerly NUMATS) or similar program:

	
PSAT 8/9®, SCAT, or I-Excel test taken in grade 5 or 6 (if applying as a 7th or 8th grade student)
ACT® or SAT® test taken in grade 6, 7, 8 or 9, or


Requisite scores on ACT®, SAT®, PreACT®, or PSAT/NMSQT® test taken in grade 10 or 11, or
Successful completion, within the past two years, of a previous CTD Indigo Tier course with the same qualifying subject area criteria, or
Admission portfolio (report card or transcript, teacher recommendation, and test scores, if available).
",9-12,"https://www.ctd.northwestern.edu/courses?grade_level=471,472,473,474&sort=alpha#1083"
19,Northwestern University,Center for Talent Development,CPU Architecture with Windy City Lab,Technology & Engineering,"This is a three-week, 1-credit course within the CTD Academic Summer Camp for Grades 9-12, meeting in-person Monday-Friday from 9am – 3 pm CDT. From microchip to motherboard, smart phone to server, every computer has a “brain,” or Central Processing Unit (CPU), and successful computer engineers master CPU architecture.  Expand basic digital electronics skills to design, build, and program your own CPU from the ground up.  Practice binary logic, registers, flip-flops, arithmetic logic units, memory, and microcode.  Create original assembly language and compete in teams to learn whose architecture is most efficient. ",Evanston,IL,,United States,No,Yes,Yes,Yes,No,No,Yes,0,07/11/2023,0,$2120,Yes,$3430,07/16/2023,08/04/2023,"
Requisite scores on above-grade-level test through CTD Assessment (formerly NUMATS) or similar program:

	
PSAT 8/9®, SCAT, or I-Excel test taken in grade 5 or 6 (if applying as a 7th or 8th grade student)
ACT® or SAT® test taken in grade 6, 7, 8 or 9, or


Requisite scores on ACT®, SAT®, PreACT®, or PSAT/NMSQT® test taken in grade 10 or 11, or
Successful completion, within the past two years, of a previous CTD Indigo Tier course with the same qualifying subject area criteria, or
Admission portfolio (report card or transcript, teacher recommendation, and test scores, if available).
",9-12,"https://www.ctd.northwestern.edu/courses?grade_level=471,472,473,474&sort=alpha#1086"
20,Northwestern University,Center for Talent Development,Creative Writing Master Class,English & Language Arts,"This is a three-week, 1-credit course within the CTD Academic Summer Camp for Grades 9-12, meeting in-person Monday-Friday from 9am – 3 pm CDT. Designed for students with considerable experience in creative writing, this course pairs adventurous reading with prodigious writing across genres, including poetry, fiction, and creative nonfiction. Advance skills in imagery, voice, setting, character, and narrative. Practice daily reading and writing, peer review and revision, and focus output in a preferred genre. Develop a portfolio of serious original work ready for publication.  ",Evanston,IL,,United States,No,Yes,Yes,Yes,No,No,Yes,0,07/11/2023,0,$2120,Yes,$2660,07/16/2023,08/04/2023,"
Requisite scores on above-grade-level test through CTD Assessment (formerly NUMATS) or similar program:

	
PSAT 8/9®, SCAT, or I-Excel test taken in grade 5 or 6 (if applying as a 7th or 8th grade student)
ACT® or SAT® test taken in grade 6, 7, 8 or 9, or


Requisite scores on ACT®, SAT®, PreACT®, or PSAT/NMSQT® test taken in grade 10 or 11, or
Successful completion, within the past two years, of a previous CTD Indigo Tier course with the same qualifying subject area criteria, or
Admission portfolio (report card or transcript, teacher recommendation, and test scores, if available).
",9-12,"https://www.ctd.northwestern.edu/courses?grade_level=471,472,473,474&sort=alpha#1082"
21,Northwestern University,Center for Talent Development,Dynamic Leadership: Skills & Strategies for Success (7-10),Leadership & Service,"A skill-building course in the Leadership Intensive series. This course is 2 weeks with live online class meetings on Mondays, Wednesdays, and Fridays from 10 a.m. – 12 p.m. CDT (UTC-05:00). Students should expect 6-7 hours of independent course work per week.Broadcasting executive Donald McGannon noted “Leadership is action, not position.” Learn how to build networks and consensus, tackle difficult decisions, use creative problem solving, and lead meaningful dialogue. Come away with skills and strategies to take your leadership capacity to the next level. ",Remote,Remote,,United States,No,Yes,Yes,Yes,No,No,Yes,0,07/19/2023,0,,No,$635,07/24/2023,08/04/2023,"
90th percentile or above on a nationally normed, standardized grade-level achievement test, or 
Participation in above-grade-level testing through CTD Assessment (formerly NUMATS) or similar program, or
Successful completion, within the past two years, of a previous CTD course at the same or higher admission tier and in the qualifying subject area, or
Admission portfolio (report card or transcript, teacher recommendation, and test scores, if available). Please note: Admission portfolio option is not available for all age levels in all programs.
",9-12,"https://www.ctd.northwestern.edu/courses?grade_level=471,472,473,474&sort=alpha#1097"
22,Northwestern University,Center for Talent Development,Effective Essay Writing ,English & Language Arts,"This is a 1 credit equivalent, flexibly paced, asynchronous Honors course within the Online Honors Program. Students can expect 6-8 hours of coursework per week and have 14-18 weeks to complete the course depending on start date.This course is designed to help students effectively apply the correct structure and formatting of an effective essay. Writing is an essential skill that is utilized for various institutions, college/university admissions, various careers, and a simple representation of placing remarkable ideas in the form of writing. Through this course, students will be exposed to various forms of reading, writing styles, timed essays along with various techniques aimed to enhance their already creative minds. Students will explore a variety of expository, persuasive, compare & contrast, as well as narrative essays to name a few.",Remote,Remote,,United States,No,Yes,Yes,Yes,No,No,Yes,0,09/01/2023,0,,Yes,$785,09/06/2023,01/11/2024,"
95th percentile or above on a nationally normed, standardized grade-level achievement test, or
Participation in above-grade-level testing through CTD Assessment (formerly NUMATS) or similar program, or
Successful completion, within the past two years, of a previous CTD course at the same or higher admission tier and in the qualifying subject area, or 
Admission portfolio (report card or transcript, teacher recommendation, and test scores, if available).  
",9-12,"https://www.ctd.northwestern.edu/courses?grade_level=471,472,473,474&sort=alpha#1104"
23,Northwestern University,Center for Talent Development,Espionage: Counterintelligence in History,Arts & Humanities,"This is a 1 credit equivalent, flexibly paced, asynchronous Honors course within the Online Honors Program. Students can expect 6-8 hours of coursework per week and have 14-18 weeks to complete the course depending on start date.Students will explore espionage- and counterintelligence-related topics spanning the Ancient World through today. Topics may include tactics used during the Roman Empire, spymasters during the American Revolution, development of technology during World War II, and counterintelligence used by businesses today. Through course materials, independent research, discussions, and writing assignments, students will study the impacts of intelligence/counterintelligence throughout history. Course materials will include readings, videos, and historical documents.",Remote,Remote,,United States,No,Yes,Yes,Yes,No,No,Yes,0,09/01/2023,0,,Yes,$785,09/06/2023,01/11/2024,"
95th percentile or above on a nationally normed, standardized grade-level achievement test, or
Participation in above-grade-level testing through CTD Assessment (formerly NUMATS) or similar program, or
Successful completion, within the past two years, of a previous CTD course at the same or higher admission tier and in the qualifying subject area, or 
Admission portfolio (report card or transcript, teacher recommendation, and test scores, if available).  
",9-12,"https://www.ctd.northwestern.edu/courses?grade_level=471,472,473,474&sort=alpha#1106"
24,Northwestern University,Center for Talent Development,European Literature Honors: The Classics,English & Language Arts,"This is a 2 credit equivalent, flexibly paced, asynchronous Honors course within the Online Honors Program. Students can expect 6-8 hours of coursework per week and have 30-34 weeks to complete the course depending on start dateThis course introduces students to the development of various literary genres of the continental and island Europe. Through discussion and analysis of various literary genres and elements, this course seeks to enhance students’ awareness and appreciation of classical European literature. ",Remote,Remote,,United States,No,Yes,Yes,Yes,No,No,Yes,0,09/01/2023,0,,Yes,$1285,09/06/2023,05/06/2024,"
95th percentile or above on a nationally normed, standardized grade-level achievement test, or
Participation in above-grade-level testing through CTD Assessment (formerly NUMATS) or similar program, or
Successful completion, within the past two years, of a previous CTD course at the same or higher admission tier and in the qualifying subject area, or 
Admission portfolio (report card or transcript, teacher recommendation, and test scores, if available).  
",9-12,"https://www.ctd.northwestern.edu/courses?grade_level=471,472,473,474&sort=alpha#1117"
25,Northwestern University,Center for Talent Development,Expository Writing Honors,English & Language Arts,"This is a 2 credit equivalent, flexibly paced, asynchronous Honors course within the Online Honors Program. Students can expect 6-8 hours of coursework per week and have 30-34 weeks to complete the course depending on start date.From non-fiction books and magazine articles to school research papers and business memorandums, expository writing aims to inform the reader about a selected topic. This course will explore a variety of academic writing genres and will allow students to choose from a variety of topics and formats. Students will be able to revise their work after input from the teacher and other students. Students will create a strong writing portfolio and create presentations of their work and ideas in a variety of media.",Remote,Remote,,United States,No,Yes,Yes,Yes,No,No,Yes,0,09/01/2023,0,,Yes,$1285,09/06/2023,05/06/2024,"
95th percentile or above on a nationally normed, standardized grade-level achievement test, or
Participation in above-grade-level testing through CTD Assessment (formerly NUMATS) or similar program, or
Successful completion, within the past two years, of a previous CTD course at the same or higher admission tier and in the qualifying subject area, or 
Admission portfolio (report card or transcript, teacher recommendation, and test scores, if available).  
",9-12,"https://www.ctd.northwestern.edu/courses?grade_level=471,472,473,474&sort=alpha#1149"
26,Northwestern University,Center for Talent Development,Human Anatomy & Physiology,Science,"This is a three-week, 1-credit course within the CTD Academic Summer Camp for Grades 9-12, meeting in-person Monday-Friday from 9am – 3 pm CDT. Examine the chemistry of cellular life, cell structure and function, human organization, major systems of the human body, human and medical genetics, DNA and biotechnology, human evolution, ecology, and population concerns. To develop lab skills required for advanced study in biology, perform dissections, as well as experiments in molecular genetics, histology, and the chemical composition of cells. This course helps prepare students for AP® Biology. ",Evanston,IL,,United States,No,Yes,Yes,Yes,No,No,Yes,0,07/11/2023,0,$2120 $175,Yes,$2660,07/16/2023,08/04/2023,"
Requisite scores on above-grade-level test through CTD Assessment (formerly NUMATS) or similar program:

	
PSAT 8/9®, SCAT, or I-Excel test taken in grade 5 or 6 (if applying as a 7th or 8th grade student)
ACT® or SAT® test taken in grade 6, 7, 8 or 9, or


Requisite scores on ACT®, SAT®, PreACT®, or PSAT/NMSQT® test taken in grade 10 or 11, or
Successful completion, within the past two years, of a previous CTD Indigo Tier course with the same qualifying subject area criteria, or
Admission portfolio (report card or transcript, teacher recommendation, and test scores, if available).
",9-12,"https://www.ctd.northwestern.edu/courses?grade_level=471,472,473,474&sort=alpha#1085"
27,Northwestern University,Center for Talent Development,Introduction to Thermodynamics,Science,"This is a three-week course within the CTD Academic Summer Camp for Grades 9-12, meeting in-person Monday-Friday from 9am – 3 pm CDT. How thermal energy is generated and delivered is fundamental to engineering feats such as: powering cities with electricity to the superconducting magnets in the Large Hadron Collider. In this course, students develop a conceptual understanding of thermal energy, the four fundamental laws of thermodynamics, and behavior of thermal energy in pure substances. ",Evanston,IL,,United States,No,Yes,Yes,Yes,No,No,Yes,0,07/11/2023,0,$2120 $175,No,$2660,07/16/2023,08/04/2023,"
95th percentile or above on a nationally normed, standardized grade-level achievement test, or
Participation in above-grade-level testing through CTD Assessment (formerly NUMATS) or similar program, or
Successful completion, within the past two years, of a previous CTD course at the same or higher admission tier and in the qualifying subject area, or 
Admission portfolio (report card or transcript, teacher recommendation, and test scores, if available).  
",9-12,"https://www.ctd.northwestern.edu/courses?grade_level=471,472,473,474&sort=alpha#1081"
28,Northwestern University,Center for Talent Development,Latin I Honors: Ecce Romani,English & Language Arts,"This is a 2 credit equivalent, flexibly paced, asynchronous Honors course within the Online Honors Program. Students can expect 6-8 hours of coursework per week and have 30-34 weeks to complete the course depending on start date.Stories about the Romans, their mythology and historical characters help reveal the structure of the Latin Language and provide the basis to rich vocabulary development. The application of grammatical knowledge to Latin stories is emphasized, enabling you to translate Latin stories.",Remote,Remote,,United States,No,Yes,Yes,Yes,No,No,Yes,0,09/01/2023,0,,Yes,$1285,09/06/2023,05/06/2024,"
95th percentile or above on a nationally normed, standardized grade-level achievement test, or
Participation in above-grade-level testing through CTD Assessment (formerly NUMATS) or similar program, or
Successful completion, within the past two years, of a previous CTD course at the same or higher admission tier and in the qualifying subject area, or 
Admission portfolio (report card or transcript, teacher recommendation, and test scores, if available).  
",9-12,"https://www.ctd.northwestern.edu/courses?grade_level=471,472,473,474&sort=alpha#1127"
29,Northwestern University,Center for Talent Development,Leadership & Technology (9-10),Leadership & Service,"A STEM focused course within the Leadership Intensive series. This course is 2 weeks with live online class meetings on Mondays, Wednesdays, and Fridays from 10AM – 12PM CDT (UTC-05:00). Technology has been harnessed by leaders in every field in the 21st century, but at what social cost? Explore technology's impact on the social world, how it helps or hinders social change, and its relationship with political, educational, and cultural institutions. Investigate the ethical dimensions of new technologies and compare and contrast concepts like technological determinism, techno-social systems, and persuasive technology. Do you have a choice to engage? ",Remote,Remote,,United States,No,Yes,Yes,Yes,No,No,Yes,0,07/19/2023,0,,No,$635,07/24/2023,08/04/2023,"
90th percentile or above on a nationally normed, standardized grade-level achievement test, or 
Participation in above-grade-level testing through CTD Assessment (formerly NUMATS) or similar program, or
Successful completion, within the past two years, of a previous CTD course at the same or higher admission tier and in the qualifying subject area, or
Admission portfolio (report card or transcript, teacher recommendation, and test scores, if available). Please note: Admission portfolio option is not available for all age levels in all programs.
",9-12,"https://www.ctd.northwestern.edu/courses?grade_level=471,472,473,474&sort=alpha#1099"
30,Northwestern University,Center for Talent Development,Literary Analysis Honors,English & Language Arts,"This is a 2 credit equivalent, flexibly paced, asynchronous Honors course within the Online Honors Program. Students can expect 6-8 hours of coursework per week and have 30-34 weeks to complete the course depending on start date.Students will examine universal themes and the use of literary and rhetorical devices by reading and reflecting on excerpts from major works of literature in the genres of fiction, poetry, essay, and drama. Students will reflect on the literature and participate in meaningful discussions and explorations that provoke perceptive observations and insights. In their analysis of literature, students will hone their critical reading skills and demonstrate their mastery of expository and analytical writing. The class will prepare students for AP® English Language & Composition and AP® English Literature & Composition courses.",Remote,Remote,,United States,No,Yes,Yes,Yes,No,No,Yes,0,09/01/2023,0,,Yes,$1285,09/06/2023,05/06/2024,"
95th percentile or above on a nationally normed, standardized grade-level achievement test, or
Participation in above-grade-level testing through CTD Assessment (formerly NUMATS) or similar program, or
Successful completion, within the past two years, of a previous CTD course at the same or higher admission tier and in the qualifying subject area, or 
Admission portfolio (report card or transcript, teacher recommendation, and test scores, if available).  
",9-12,"https://www.ctd.northwestern.edu/courses?grade_level=471,472,473,474&sort=alpha#1116"
31,Northwestern University,Center for Talent Development,"Mirror, Mirror: Multimedia Analysis of the Evolution of Folktales",English & Language Arts,"This is a 1 credit equivalent, flexibly paced, asynchronous Honors course within the Online Honors Program. Students can expect 6-8 hours of coursework per week and have 14-18 weeks to complete the course depending on start date.This course focuses on stories and how they come to take on the shape they do. It will give students experience in researching and writing analytic essays focused on how literary motifs find their way into the world’s different and diverse cultures; starting with some of the simplest, fairy tales and progressing to some of the most complex works of world literature, Shakespeare, art, and music, ballet and opera.",Remote,Remote,,United States,No,Yes,Yes,Yes,No,No,Yes,0,09/01/2023,0,,Yes,$785,09/06/2023,01/11/2024,"
95th percentile or above on a nationally normed, standardized grade-level achievement test, or
Participation in above-grade-level testing through CTD Assessment (formerly NUMATS) or similar program, or
Successful completion, within the past two years, of a previous CTD course at the same or higher admission tier and in the qualifying subject area, or 
Admission portfolio (report card or transcript, teacher recommendation, and test scores, if available).  
",9-12,"https://www.ctd.northwestern.edu/courses?grade_level=471,472,473,474&sort=alpha#1108"
32,Northwestern University,Center for Talent Development,Neuroscience Honors,Science,"This is a 2 credit equivalent, flexibly paced, asynchronous Honors course within the Online Honors Program. Students can expect 6-8 hours of coursework per week and have 30-34 weeks to complete the course depending on start date.The field of neuroscience encompasses the interdisciplinary principles of biology, chemistry, anatomy, physiology and psychology. Students explore topics from the anatomy and physiology of the brain to mental disorders associated with brain dysfunction. Activities include readings, discussion and participation in laboratory activities, such as a virtual eye dissection and the opportunity to analyze sleep data online. This advanced course is appropriate for high school students interested in pursuing advanced courses in biology or psychology and equivalent to an introductory college level course.",Remote,Remote,,United States,No,Yes,Yes,Yes,No,No,Yes,0,09/01/2023,0,$25,Yes,$1285,09/06/2023,05/06/2024,"
95th percentile or above on a nationally normed, standardized grade-level achievement test, or
Participation in above-grade-level testing through CTD Assessment (formerly NUMATS) or similar program, or
Successful completion, within the past two years, of a previous CTD course at the same or higher admission tier and in the qualifying subject area, or 
Admission portfolio (report card or transcript, teacher recommendation, and test scores, if available).  
",9-12,"https://www.ctd.northwestern.edu/courses?grade_level=471,472,473,474&sort=alpha#1126"
33,Northwestern University,Center for Talent Development,Physics Honors,Science,"This is a 2 credit equivalent, flexibly paced, asynchronous Honors course within the Online Honors Program. Students can expect 6-8 hours of coursework per week and have 30-34 weeks to complete the course depending on start date.Physics Honors is an introductory course covering topics equivalent to a full year of high school Physics at the Honors level. Apply the universal principles of physics, gain an appreciation of mathematics, and develop your understanding of the major concepts via hands-on experiments, virtual simulations, and investigations. Students will study Newtonian physics, electricity and magnetism, waves and optics, and early modern physics.
 ",Remote,Remote,,United States,No,Yes,Yes,Yes,No,No,Yes,0,09/01/2023,0,$25,Yes,$1285,09/06/2023,05/06/2024,"
95th percentile or above on a nationally normed, standardized grade-level achievement test, or
Participation in above-grade-level testing through CTD Assessment (formerly NUMATS) or similar program, or
Successful completion, within the past two years, of a previous CTD course at the same or higher admission tier and in the qualifying subject area, or 
Admission portfolio (report card or transcript, teacher recommendation, and test scores, if available).  
",9-12,"https://www.ctd.northwestern.edu/courses?grade_level=471,472,473,474&sort=alpha#1125"
34,Northwestern University,Center for Talent Development,Pre-Calculus Honors,Mathematics,"This is a three-week, 2-credit course within the CTD Academic Summer Camp for Grades 9-12, meeting in-person Monday-Friday from 9am – 3 pm CDT. Build upon advanced algebra. Topics include linear, quadratic, polynomial, exponential, logarithmic, and trigonometric functions. Students apply vectors, sequences, series, and matrices to solve problems. Advanced topics include functions and graphs, trigonometry, and discrete mathematics. Pre-Calculus Honors is a full-year high school course in an accelerated format and prepares students for taking AP® Calculus AB.   
OFFERED: June 25 – July 14, 2023  and July 16 – August 4, 2023  ",Evanston,IL,,United States,No,Yes,Yes,Yes,No,No,Yes,0,07/11/2023,0,$2120,Yes,$2660,07/16/2023,08/04/2023,"
Requisite scores on above-grade-level test through CTD Assessment (formerly NUMATS) or similar program:

	
PSAT 8/9®, SCAT, or I-Excel test taken in grade 5 or 6 (if applying as a 7th or 8th grade student)
ACT® or SAT® test taken in grade 6, 7, 8 or 9, or


Requisite scores on ACT®, SAT®, PreACT®, or PSAT/NMSQT® test taken in grade 10 or 11, or
Successful completion, within the past two years, of a previous CTD Indigo Tier course with the same qualifying subject area criteria, or
Admission portfolio (report card or transcript, teacher recommendation, and test scores, if available).
",9-12,"https://www.ctd.northwestern.edu/courses?grade_level=471,472,473,474&sort=alpha#1079"
35,Northwestern University,Center for Talent Development,Pre-Calculus Honors,Mathematics,"This is a 2 credit equivalent, flexibly paced, asynchronous Honors course within the Online Honors Program. Students can expect 6-8 hours of coursework per week and have 30-34 weeks to complete the course depending on start date.This course covers topics in the fields of functions and graphs, polynomials, logarithms and exponentials, analytic trigonometry, systems of equations and inequalities, matrices, sequence/series and probability, analytic geometry and limits. While some of the content ovelaps with a traditional Alg II/Trig course, Pre-Calculus Honors goes into further depth and rigor. There are self-check assessments included in each chapter and a quiz at the end of each chapter. There are 5 unit tests through the course that must be proctored. This course is designed to prepare a student for success in AP Calculus AB by providing strong foundations in functions, trigonometry and mathematical modeling.",Remote,Remote,,United States,No,Yes,Yes,Yes,No,No,Yes,0,09/01/2023,0,,Yes,$1285,09/06/2023,05/06/2024,"
95th percentile or above on a nationally normed, standardized grade-level achievement test, or
Participation in above-grade-level testing through CTD Assessment (formerly NUMATS) or similar program, or
Successful completion, within the past two years, of a previous CTD course at the same or higher admission tier and in the qualifying subject area, or 
Admission portfolio (report card or transcript, teacher recommendation, and test scores, if available).  
",9-12,"https://www.ctd.northwestern.edu/courses?grade_level=471,472,473,474&sort=alpha#1122"
36,Northwestern University,Center for Talent Development,Pre-Med: Pathophysiology,Science,"This is a 1 credit equivalent, flexibly paced, asynchronous Honors course within the Online Honors Program. Students can expect 8-10 hours of coursework per week and have 13-15 weeks to complete the course depending on start date.Pathophysiology is the study of diseases in the human body.This course will focus on cell structure, the human body’s defense mechanisms, and the disease development process.Students will become acquainted with human body systems, learn how diseases andillness can afflict different parts of the body via the body systems and the role of genes and chromosomes.This course is a good precursor to advanced classes in biology, anatomy & physiology and medical sciences.",Remote,Remote,,United States,No,Yes,Yes,Yes,No,No,Yes,0,09/01/2023,0,,Yes,$785,09/06/2023,01/11/2024,"
95th percentile or above on a nationally normed, standardized grade-level achievement test, or
Participation in above-grade-level testing through CTD Assessment (formerly NUMATS) or similar program, or
Successful completion, within the past two years, of a previous CTD course at the same or higher admission tier and in the qualifying subject area, or 
Admission portfolio (report card or transcript, teacher recommendation, and test scores, if available).  
",9-12,"https://www.ctd.northwestern.edu/courses?grade_level=471,472,473,474&sort=alpha#1105"
37,Northwestern University,Center for Talent Development,Principles of Genetic Engineering,Science,"This is a three-week, 1-credit course within the CTD Academic Summer Camp for Grades 9-12, meeting in-person Monday-Friday from 9am – 3 pm CDT. The twenty-first century has been described as the “Age of Genetics.” Explore the principles of genetics and molecular methods that scientists use in recombinant DNA technology. Understand how recombinant molecules are generated, applied in medicine, and used to create genetically modified organisms. Engage in bioethical discussions, design original lab research. 
OFFERED: July 16 – August 4, 2023 ",Evanston,IL,,United States,No,Yes,Yes,Yes,No,No,Yes,0,07/11/2023,0,$2120 $175,Yes,$2660,07/16/2023,08/04/2023,"
Requisite scores on above-grade-level test through CTD Assessment (formerly NUMATS) or similar program:

	
PSAT 8/9®, SCAT, or I-Excel test taken in grade 5 or 6 (if applying as a 7th or 8th grade student)
ACT® or SAT® test taken in grade 6, 7, 8 or 9, or


Requisite scores on ACT®, SAT®, PreACT®, or PSAT/NMSQT® test taken in grade 10 or 11, or
Successful completion, within the past two years, of a previous CTD Indigo Tier course with the same qualifying subject area criteria, or
Admission portfolio (report card or transcript, teacher recommendation, and test scores, if available).
",9-12,"https://www.ctd.northwestern.edu/courses?grade_level=471,472,473,474&sort=alpha#1084"
38,Northwestern University,Center for Talent Development,Programming C++ Honors,Technology & Engineering,"This is a 2 credit equivalent, flexibly paced, asynchronous Honors course within the Online Honors Program. Students can expect 6-8 hours of coursework per week and have 30-34 weeks to complete the course depending on start date.This course provides students with a solid foundation in the same programming language that game designers use. In the first half of the course, beginning students will learn to compile and run programs, use variables to store and manipulate different kinds of data, implement decisions using if statements, and correct use while, for and do loops. In the second half of the course, beginners will learn to write their own functions and collect and process data in arrays and vectors. Students who come to the course with C++ experience will be able to skip sections or move more quickly through them to have the opportunity to explore more advanced topics such as pointers and structures, streams, classes, inheritance, recursion, sorting and searching, overload operators, memory management, template classes and functions, and advanced data structures.",Remote,Remote,,United States,No,Yes,Yes,Yes,No,No,Yes,0,09/01/2023,0,,Yes,$1285,09/06/2023,05/06/2024,"
95th percentile or above on a nationally normed, standardized grade-level achievement test, or
Participation in above-grade-level testing through CTD Assessment (formerly NUMATS) or similar program, or
Successful completion, within the past two years, of a previous CTD course at the same or higher admission tier and in the qualifying subject area, or 
Admission portfolio (report card or transcript, teacher recommendation, and test scores, if available).  
",9-12,"https://www.ctd.northwestern.edu/courses?grade_level=471,472,473,474&sort=alpha#1148"
39,Northwestern University,Center for Talent Development,Psychology,Arts & Humanities,"This is a 1 credit equivalent, flexibly paced, asynchronous Honors course within the Online Honors Program. Students can expect 6-8 hours of coursework per week and have 14-18 weeks to complete the course depending on start date.This course is designed to familiarize students with the scientific study of the behavior and mental processes of humans and animals. This course exposes students to how psychologists generate hypotheses from various perspectives: questions about the relationship between the brain and behavior, perception, learning, cognition, development, social behavior, psychopathology, and psychotherapy. Students will also investigate the various methods psychologists utilize to answer research questions and become acquainted with many of the most significant findings in the field of psychology. The course emphasizes thinking critically about psychological evidence to evaluate the validity of the findings and discovering how psychology is relevant to important issues in everyday life.",Remote,Remote,,United States,No,Yes,Yes,Yes,No,No,Yes,0,09/01/2023,0,,Yes,$785,09/06/2023,01/11/2024,"
95th percentile or above on a nationally normed, standardized grade-level achievement test, or
Participation in above-grade-level testing through CTD Assessment (formerly NUMATS) or similar program, or
Successful completion, within the past two years, of a previous CTD course at the same or higher admission tier and in the qualifying subject area, or 
Admission portfolio (report card or transcript, teacher recommendation, and test scores, if available).  
",9-12,"https://www.ctd.northwestern.edu/courses?grade_level=471,472,473,474&sort=alpha#1107"
40,Northwestern University,Center for Talent Development,Public Health: Preventing Global Catastrophes,Science,"This is a three-week course within the CTD Academic Summer Camp for Grades 9-12, meeting in-person Monday-Friday from 9am – 3 pm CDT. Can we predict the next pandemic? Approach public health through a multifaceted lens to study the emergence, spread, and responses to diseases. Model disease transmission to make informed public policy recommendations. This course prepares students for future studies in health sciences, public health, public policy, and business. ",Evanston,IL,,United States,No,Yes,Yes,Yes,No,No,Yes,0,07/11/2023,0,$2120,No,$2660,07/16/2023,08/04/2023,"
95th percentile or above on a nationally normed, standardized grade-level achievement test, or
Participation in above-grade-level testing through CTD Assessment (formerly NUMATS) or similar program, or
Successful completion, within the past two years, of a previous CTD course at the same or higher admission tier and in the qualifying subject area, or 
Admission portfolio (report card or transcript, teacher recommendation, and test scores, if available).  
",9-12,"https://www.ctd.northwestern.edu/courses?grade_level=471,472,473,474&sort=alpha#1080"
41,Northwestern University,Center for Talent Development,Spanish I Honors,English & Language Arts,"This is a 2 credit equivalent, flexibly paced, asynchronous Honors course within the Online Honors Program. Students can expect 6-8 hours of coursework per week and have 30-34 weeks to complete the course depending on start date.This course will introduce students to Spanish language fundamentals with emphasis on all four modes of communication: reading, writing, speaking, and listening. Culture, geography, and history of the Spanish-speaking world are woven throughout the course. ",Remote,Remote,,United States,No,Yes,Yes,Yes,No,No,Yes,0,09/01/2023,0,,Yes,$1285,09/06/2023,05/06/2024,"
95th percentile or above on a nationally normed, standardized grade-level achievement test, or
Participation in above-grade-level testing through CTD Assessment (formerly NUMATS) or similar program, or
Successful completion, within the past two years, of a previous CTD course at the same or higher admission tier and in the qualifying subject area, or 
Admission portfolio (report card or transcript, teacher recommendation, and test scores, if available).  
",9-12,"https://www.ctd.northwestern.edu/courses?grade_level=471,472,473,474&sort=alpha#1128"
42,Northwestern University,Center for Talent Development,Sports Business Management,Leadership & Service,"This is a three-week course within the CTD Academic Summer Camp for Grades 9-12, meeting in-person Monday-Friday from 9am – 3 pm CDT. What does it take to run a multibillion-dollar sports team? In this fast-pitch course, we discuss league financial structures, marketing and communication strategies, legal affairs, and event management.  Consider the impact sports have on individuals, groups, and nations.  Present a research-based action plan to improve a chosen sports organization.   
OFFERED: June 25 – July 14, 2023, AND July 16 – August 4, 2023 ",Evanston,IL,,United States,No,Yes,Yes,Yes,No,No,Yes,0,07/11/2023,0,$2120 $150,No,$2660,07/16/2023,08/04/2023,"
95th percentile or above on a nationally normed, standardized grade-level achievement test, or
Participation in above-grade-level testing through CTD Assessment (formerly NUMATS) or similar program, or
Successful completion, within the past two years, of a previous CTD course at the same or higher admission tier and in the qualifying subject area, or 
Admission portfolio (report card or transcript, teacher recommendation, and test scores, if available).  
",9-12,"https://www.ctd.northwestern.edu/courses?grade_level=471,472,473,474&sort=alpha#1075"
43,Northwestern University,Center for Talent Development,World History Honors,Arts & Humanities,"This is a 2 credit equivalent, flexibly paced, asynchronous Honors course within the Online Honors Program. Students can expect 6-8 hours of coursework per week and have 30-34 weeks to complete the course depending on start date.Examine world cultures from the rise of civilization through up to the present day. This course emphasizes the analysis of the universal themes of politics, economics, religions, social traditions, intellectual developments, and aesthetics to understand and look for patterns in world societies. Skills related to critical reading and writing skills, historical comprehension, chronological thinking, historical analysis, interpretation, and geographic literacy are enhanced through the use of a variety of multimedia resources including primary source documents and other historical materials.",Remote,Remote,,United States,No,Yes,Yes,Yes,No,No,Yes,0,09/01/2023,0,,Yes,$1285,09/06/2023,05/06/2024,"
95th percentile or above on a nationally normed, standardized grade-level achievement test, or
Participation in above-grade-level testing through CTD Assessment (formerly NUMATS) or similar program, or
Successful completion, within the past two years, of a previous CTD course at the same or higher admission tier and in the qualifying subject area, or 
Admission portfolio (report card or transcript, teacher recommendation, and test scores, if available).  
",9-12,"https://www.ctd.northwestern.edu/courses?grade_level=471,472,473,474&sort=alpha#1118"
